-- phpMyAdmin SQL Dump
-- version 4.6.5.2
-- https://www.phpmyadmin.net/
--
-- Host: 127.0.0.1
-- Generation Time: Aug 10, 2017 at 06:47 AM
-- Server version: 10.1.21-MariaDB
-- PHP Version: 5.6.30

SET SQL_MODE = "NO_AUTO_VALUE_ON_ZERO";
SET time_zone = "+00:00";

--
-- Database: `my_apartment`
--

-- --------------------------------------------------------

--
-- Table structure for table `building`
--

CREATE TABLE `building` (
  `id` int(11) NOT NULL,
  `name` varchar(255) DEFAULT NULL,
  `address` text,
  `tel` varchar(255) DEFAULT NULL,
  `electricity_meter_digit` int(11) NOT NULL,
  `electricity_charge_per_unit` decimal(20,2) NOT NULL,
  `min_electricity_unit` int(11) DEFAULT NULL,
  `min_electricity_charge` decimal(20,2) DEFAULT NULL,
  `water_meter_digit` int(11) NOT NULL,
  `water_charge_per_unit` decimal(20,2) NOT NULL,
  `min_water_unit` int(11) DEFAULT NULL,
  `min_water_charge` decimal(20,2) DEFAULT NULL
) ENGINE=MyISAM DEFAULT CHARSET=utf8;

--
-- Dumping data for table `building`
--

INSERT INTO `building` (`id`, `name`, `address`, `tel`, `electricity_meter_digit`, `electricity_charge_per_unit`, `min_electricity_unit`, `min_electricity_charge`, `water_meter_digit`, `water_charge_per_unit`, `min_water_unit`, `min_water_charge`) VALUES
(1, 'อาคาร 1', 'ที่อยู่ อาคาร 1', '0818406100', 4, '7.00', 2, '14.00', 4, '6.00', 1, '50.00'),
(2, 'อาคาร 2', 'ที่อยู่ อาคาร 2', '', 4, '7.10', NULL, NULL, 4, '6.00', NULL, NULL);

-- --------------------------------------------------------

--
-- Table structure for table `check_in_out_history`
--

CREATE TABLE `check_in_out_history` (
  `id` int(11) NOT NULL,
  `room_id` int(11) NOT NULL,
  `check_in_date` date NOT NULL,
  `check_out_date` date DEFAULT NULL,
  `id_card` varchar(50) NOT NULL,
  `name` varchar(255) NOT NULL,
  `lastname` varchar(255) DEFAULT NULL,
  `address` text,
  `remark` text,
  `number_code` varchar(50) NOT NULL,
  `created_date` datetime NOT NULL,
  `updated_date` datetime DEFAULT NULL
) ENGINE=MyISAM DEFAULT CHARSET=utf8;

--
-- Dumping data for table `check_in_out_history`
--

INSERT INTO `check_in_out_history` (`id`, `room_id`, `check_in_date`, `check_out_date`, `id_card`, `name`, `lastname`, `address`, `remark`, `number_code`, `created_date`, `updated_date`) VALUES
(1, 1, '2017-01-01', NULL, '1659900505061', 'วสันต์', 'ศักดาศักดิ์', NULL, NULL, '11483262146896', '2017-01-01 16:15:46', NULL),
(2, 2, '2017-01-01', NULL, '1350100224780', 'วิชุดา', 'นนทภา', NULL, NULL, '21483262245360', '2017-01-01 16:17:25', NULL),
(3, 3, '2017-01-01', NULL, '1860100121480', 'ณิชาภัทร', 'ใสชูชล', NULL, NULL, '31483262285820', '2017-01-01 16:18:05', NULL),
(4, 4, '2017-01-01', NULL, '1101800512811', 'รัชณีภรณ์', 'ส่างน้อย', NULL, NULL, '41483262327669', '2017-01-01 16:18:47', NULL),
(5, 5, '2017-01-01', NULL, '1101800477314', 'สิริมา', 'สมานจิต', NULL, NULL, '51483262381067', '2017-01-01 16:19:41', '2017-01-01 16:20:53'),
(6, 6, '2017-01-01', NULL, '1149900236987', 'ทิพวรรณ', 'เกษรโอสถ', NULL, NULL, '61483262483841', '2017-01-01 16:21:23', NULL),
(7, 7, '2017-01-01', NULL, '1401000126476', 'ธราดล', 'ดาวังป่า', NULL, NULL, '71483262508140', '2017-01-01 16:21:48', NULL),
(8, 8, '2017-01-01', NULL, '1609900181991', 'จารุวรรณ', 'สมัครศิริกิจ', NULL, NULL, '81483262540390', '2017-01-01 16:22:20', NULL),
(9, 9, '2017-01-01', NULL, '1310300144062', 'พรพิไล', 'จันทินมาธร', NULL, NULL, '91483262660608', '2017-01-01 16:24:20', NULL),
(10, 12, '2017-01-01', NULL, '1102001632212', 'ภัณฑิรา', 'แก้วงาม', NULL, NULL, '121483262714843', '2017-01-01 16:25:14', NULL);

-- --------------------------------------------------------

--
-- Table structure for table `current_check_in`
--

CREATE TABLE `current_check_in` (
  `room_id` int(11) NOT NULL,
  `check_in_date` date NOT NULL,
  `id_card` varchar(50) NOT NULL,
  `name` varchar(255) NOT NULL,
  `lastname` varchar(255) DEFAULT NULL,
  `address` text,
  `remark` text,
  `number_code` varchar(50) NOT NULL,
  `created_date` datetime NOT NULL,
  `updated_date` datetime DEFAULT NULL
) ENGINE=MyISAM DEFAULT CHARSET=utf8;

--
-- Dumping data for table `current_check_in`
--

INSERT INTO `current_check_in` (`room_id`, `check_in_date`, `id_card`, `name`, `lastname`, `address`, `remark`, `number_code`, `created_date`, `updated_date`) VALUES
(1, '2017-01-01', '1659900505061', 'วสันต์', 'ศักดาศักดิ์', NULL, NULL, '11483262146896', '2017-01-01 16:15:46', NULL),
(2, '2017-01-01', '1350100224780', 'วิชุดา', 'นนทภา', NULL, NULL, '21483262245360', '2017-01-01 16:17:25', NULL),
(3, '2017-01-01', '1860100121480', 'ณิชาภัทร', 'ใสชูชล', NULL, NULL, '31483262285820', '2017-01-01 16:18:05', NULL),
(4, '2017-01-01', '1101800512811', 'รัชณีภรณ์', 'ส่างน้อย', NULL, NULL, '41483262327669', '2017-01-01 16:18:47', NULL),
(5, '2017-01-01', '1101800477314', 'สิริมา', 'สมานจิต', NULL, NULL, '51483262381067', '2017-01-01 16:19:41', '2017-01-01 16:20:53'),
(6, '2017-01-01', '1149900236987', 'ทิพวรรณ', 'เกษรโอสถ', NULL, NULL, '61483262483841', '2017-01-01 16:21:23', NULL),
(7, '2017-01-01', '1401000126476', 'ธราดล', 'ดาวังป่า', NULL, NULL, '71483262508140', '2017-01-01 16:21:48', NULL),
(8, '2017-01-01', '1609900181991', 'จารุวรรณ', 'สมัครศิริกิจ', NULL, NULL, '81483262540390', '2017-01-01 16:22:20', NULL),
(9, '2017-01-01', '1310300144062', 'พรพิไล', 'จันทินมาธร', NULL, NULL, '91483262660608', '2017-01-01 16:24:20', NULL),
(12, '2017-01-01', '1102001632212', 'ภัณฑิรา', 'แก้วงาม', NULL, NULL, '121483262714843', '2017-01-01 16:25:14', NULL);

-- --------------------------------------------------------

--
-- Table structure for table `electricity_meter`
--

CREATE TABLE `electricity_meter` (
  `room_id` int(11) NOT NULL,
  `month` int(11) NOT NULL,
  `year` int(11) NOT NULL,
  `previous_meter` varchar(10) NOT NULL,
  `present_meter` varchar(10) NOT NULL,
  `charge_per_unit` decimal(20,2) NOT NULL,
  `usage_unit` int(11) NOT NULL,
  `value` decimal(20,2) NOT NULL,
  `use_minimun_unit_calculate` int(1) NOT NULL,
  `created_date` datetime NOT NULL,
  `updated_date` datetime DEFAULT NULL
) ENGINE=MyISAM DEFAULT CHARSET=utf8;

--
-- Dumping data for table `electricity_meter`
--

INSERT INTO `electricity_meter` (`room_id`, `month`, `year`, `previous_meter`, `present_meter`, `charge_per_unit`, `usage_unit`, `value`, `use_minimun_unit_calculate`, `created_date`, `updated_date`) VALUES
(1, 1, 2017, '5642', '5661', '7.00', 19, '133.00', 1, '2017-01-31 16:28:38', NULL),
(2, 1, 2017, '1374', '1401', '7.00', 27, '189.00', 1, '2017-01-31 16:28:38', NULL),
(3, 1, 2017, '1285', '1321', '7.00', 36, '252.00', 1, '2017-01-31 16:28:38', NULL),
(4, 1, 2017, '8611', '8641', '7.00', 30, '210.00', 1, '2017-01-31 16:28:38', NULL),
(5, 1, 2017, '9991', '0011', '7.00', 20, '140.00', 1, '2017-01-31 16:28:38', NULL),
(6, 1, 2017, '6461', '6485', '7.00', 24, '168.00', 1, '2017-01-31 16:28:38', NULL),
(7, 1, 2017, '3452', '3481', '7.00', 29, '203.00', 1, '2017-01-31 16:28:38', NULL),
(8, 1, 2017, '4213', '4253', '7.00', 40, '280.00', 1, '2017-01-31 16:28:38', NULL),
(9, 1, 2017, '2365', '2379', '7.10', 14, '99.40', 0, '2017-01-31 16:29:21', NULL),
(10, 1, 2017, '7855', '7855', '7.10', 0, '0.00', 0, '2017-01-31 16:29:21', NULL),
(11, 1, 2017, '9142', '9142', '7.10', 0, '0.00', 0, '2017-01-31 16:29:21', NULL),
(12, 1, 2017, '8531', '8574', '7.10', 43, '305.30', 0, '2017-01-31 16:29:21', NULL),
(1, 2, 2017, '5661', '5687', '7.00', 26, '182.00', 1, '2017-02-28 16:36:55', NULL),
(2, 2, 2017, '1401', '1452', '7.00', 51, '357.00', 1, '2017-02-28 16:36:55', NULL),
(3, 2, 2017, '1321', '1374', '7.00', 53, '371.00', 1, '2017-02-28 16:36:55', NULL),
(4, 2, 2017, '8641', '8678', '7.00', 37, '259.00', 1, '2017-02-28 16:36:55', NULL),
(5, 2, 2017, '0011', '0059', '7.00', 48, '336.00', 1, '2017-02-28 16:36:55', NULL),
(6, 2, 2017, '6485', '6502', '7.00', 17, '119.00', 1, '2017-02-28 16:36:55', NULL),
(7, 2, 2017, '3481', '3503', '7.00', 22, '154.00', 1, '2017-02-28 16:36:55', NULL),
(8, 2, 2017, '4253', '4266', '7.00', 13, '91.00', 1, '2017-02-28 16:36:55', NULL),
(9, 2, 2017, '2379', '2391', '7.10', 12, '85.20', 0, '2017-02-28 16:38:44', NULL),
(10, 2, 2017, '7855', '7855', '7.10', 0, '0.00', 0, '2017-02-28 16:38:44', NULL),
(11, 2, 2017, '9142', '9142', '7.10', 0, '0.00', 0, '2017-02-28 16:38:44', NULL),
(12, 2, 2017, '8574', '8598', '7.10', 24, '170.40', 0, '2017-02-28 16:38:44', NULL),
(1, 3, 2017, '5687', '5702', '7.00', 15, '105.00', 1, '2017-03-31 16:44:58', NULL),
(2, 3, 2017, '1452', '1487', '7.00', 35, '245.00', 1, '2017-03-31 16:44:58', NULL),
(3, 3, 2017, '1374', '1399', '7.00', 25, '175.00', 1, '2017-03-31 16:44:58', NULL),
(4, 3, 2017, '8678', '8699', '7.00', 21, '147.00', 1, '2017-03-31 16:44:58', NULL),
(5, 3, 2017, '0059', '0087', '7.00', 28, '196.00', 1, '2017-03-31 16:44:58', NULL),
(6, 3, 2017, '6502', '6525', '7.00', 23, '161.00', 1, '2017-03-31 16:44:58', NULL),
(7, 3, 2017, '3503', '3546', '7.00', 43, '301.00', 1, '2017-03-31 16:44:58', NULL),
(8, 3, 2017, '4266', '4278', '7.00', 12, '84.00', 1, '2017-03-31 16:44:58', NULL),
(9, 3, 2017, '2391', '2410', '7.10', 19, '134.90', 0, '2017-03-31 16:46:01', NULL),
(10, 3, 2017, '7855', '7855', '7.10', 0, '0.00', 0, '2017-03-31 16:46:01', NULL),
(11, 3, 2017, '9142', '9142', '7.10', 0, '0.00', 0, '2017-03-31 16:46:01', NULL),
(12, 3, 2017, '8598', '8613', '7.10', 15, '106.50', 0, '2017-03-31 16:46:01', NULL),
(1, 4, 2017, '5702', '5725', '7.00', 23, '161.00', 1, '2017-04-30 16:54:03', NULL),
(2, 4, 2017, '1487', '1521', '7.00', 34, '238.00', 1, '2017-04-30 16:54:03', NULL),
(3, 4, 2017, '1399', '1432', '7.00', 33, '231.00', 1, '2017-04-30 16:54:03', NULL),
(4, 4, 2017, '8699', '8741', '7.00', 42, '294.00', 1, '2017-04-30 16:54:03', NULL),
(5, 4, 2017, '0087', '0123', '7.00', 36, '252.00', 1, '2017-04-30 16:54:03', NULL),
(6, 4, 2017, '6525', '6574', '7.00', 49, '343.00', 1, '2017-04-30 16:54:03', NULL),
(7, 4, 2017, '3546', '3578', '7.00', 32, '224.00', 1, '2017-04-30 16:54:03', NULL),
(8, 4, 2017, '4278', '4299', '7.00', 21, '147.00', 1, '2017-04-30 16:54:03', NULL),
(9, 4, 2017, '2410', '2425', '7.10', 15, '106.50', 0, '2017-04-30 16:54:48', NULL),
(10, 4, 2017, '7855', '7855', '7.10', 0, '0.00', 0, '2017-04-30 16:54:48', NULL),
(11, 4, 2017, '9142', '9142', '7.10', 0, '0.00', 0, '2017-04-30 16:54:48', NULL),
(12, 4, 2017, '8613', '8641', '7.10', 28, '198.80', 0, '2017-04-30 16:54:48', NULL),
(1, 5, 2017, '5725', '5752', '7.00', 27, '189.00', 1, '2017-05-31 17:01:25', NULL),
(2, 5, 2017, '1521', '1564', '7.00', 43, '301.00', 1, '2017-05-31 17:01:25', NULL),
(3, 5, 2017, '1432', '1465', '7.00', 33, '231.00', 1, '2017-05-31 17:01:25', NULL),
(4, 5, 2017, '8741', '8793', '7.00', 52, '364.00', 1, '2017-05-31 17:01:25', NULL),
(5, 5, 2017, '0123', '0175', '7.00', 52, '364.00', 1, '2017-05-31 17:01:25', NULL),
(6, 5, 2017, '6574', '6600', '7.00', 26, '182.00', 1, '2017-05-31 17:01:25', NULL),
(7, 5, 2017, '3578', '3591', '7.00', 13, '91.00', 1, '2017-05-31 17:01:25', NULL),
(8, 5, 2017, '4299', '4321', '7.00', 22, '154.00', 1, '2017-05-31 17:01:25', NULL),
(9, 5, 2017, '2425', '2461', '7.10', 36, '255.60', 0, '2017-05-31 17:02:10', NULL),
(10, 5, 2017, '7855', '7855', '7.10', 0, '0.00', 0, '2017-05-31 17:02:10', NULL),
(11, 5, 2017, '9142', '9142', '7.10', 0, '0.00', 0, '2017-05-31 17:02:10', NULL),
(12, 5, 2017, '8641', '8687', '7.10', 46, '326.60', 0, '2017-05-31 17:02:10', NULL),
(1, 6, 2017, '5752', '5782', '7.00', 30, '210.00', 1, '2017-06-30 17:07:56', NULL),
(2, 6, 2017, '1564', '1579', '7.00', 15, '105.00', 1, '2017-06-30 17:07:56', NULL),
(3, 6, 2017, '1465', '1478', '7.00', 13, '91.00', 1, '2017-06-30 17:07:56', NULL),
(4, 6, 2017, '8793', '8814', '7.00', 21, '147.00', 1, '2017-06-30 17:07:56', NULL),
(5, 6, 2017, '0175', '0181', '7.00', 6, '42.00', 1, '2017-06-30 17:07:56', NULL),
(6, 6, 2017, '6600', '6642', '7.00', 42, '294.00', 1, '2017-06-30 17:07:56', NULL),
(7, 6, 2017, '3591', '3622', '7.00', 31, '217.00', 1, '2017-06-30 17:07:56', NULL),
(8, 6, 2017, '4321', '4374', '7.00', 53, '371.00', 1, '2017-06-30 17:07:56', NULL),
(9, 6, 2017, '2461', '2481', '7.10', 20, '142.00', 0, '2017-06-30 17:08:33', NULL),
(10, 6, 2017, '7855', '7855', '7.10', 0, '0.00', 0, '2017-06-30 17:08:33', NULL),
(11, 6, 2017, '9142', '9142', '7.10', 0, '0.00', 0, '2017-06-30 17:08:33', NULL),
(12, 6, 2017, '8687', '8725', '7.10', 38, '269.80', 0, '2017-06-30 17:08:33', NULL),
(1, 7, 2017, '5782', '5803', '7.00', 21, '147.00', 1, '2017-07-30 23:11:34', NULL),
(2, 7, 2017, '1579', '1611', '7.00', 32, '224.00', 1, '2017-07-30 23:11:34', NULL),
(3, 7, 2017, '1478', '1502', '7.00', 24, '168.00', 1, '2017-07-30 23:11:34', NULL),
(4, 7, 2017, '8814', '8842', '7.00', 28, '196.00', 1, '2017-07-30 23:11:34', NULL),
(5, 7, 2017, '0181', '0202', '7.00', 21, '147.00', 1, '2017-07-30 23:11:34', NULL),
(6, 7, 2017, '6642', '6674', '7.00', 32, '224.00', 1, '2017-07-30 23:11:34', NULL),
(7, 7, 2017, '3622', '3655', '7.00', 33, '231.00', 1, '2017-07-30 23:11:34', NULL),
(8, 7, 2017, '4374', '4388', '7.00', 14, '98.00', 1, '2017-07-30 23:11:34', NULL),
(9, 7, 2017, '2481', '2502', '7.10', 21, '149.10', 0, '2017-07-30 23:13:12', NULL),
(10, 7, 2017, '7855', '7855', '7.10', 0, '0.00', 0, '2017-07-30 23:13:12', NULL),
(11, 7, 2017, '9142', '9142', '7.10', 0, '0.00', 0, '2017-07-30 23:13:13', NULL),
(12, 7, 2017, '8725', '8788', '7.10', 63, '447.30', 0, '2017-07-30 23:13:13', NULL);

-- --------------------------------------------------------

--
-- Table structure for table `notice_check_out`
--

CREATE TABLE `notice_check_out` (
  `room_id` int(11) NOT NULL,
  `notice_check_out_date` date NOT NULL,
  `remark` text,
  `created_date` datetime NOT NULL,
  `updated_date` datetime DEFAULT NULL
) ENGINE=MyISAM DEFAULT CHARSET=utf8;

-- --------------------------------------------------------

--
-- Table structure for table `room`
--

CREATE TABLE `room` (
  `id` int(11) NOT NULL,
  `building_id` int(11) NOT NULL,
  `floor_seq` int(11) NOT NULL,
  `room_no` varchar(255) NOT NULL,
  `name` varchar(255) NOT NULL,
  `price_per_month` decimal(20,2) NOT NULL,
  `room_status_id` int(11) NOT NULL,
  `startup_electricity_meter` varchar(11) NOT NULL,
  `startup_water_meter` varchar(11) NOT NULL
) ENGINE=MyISAM DEFAULT CHARSET=utf8;

--
-- Dumping data for table `room`
--

INSERT INTO `room` (`id`, `building_id`, `floor_seq`, `room_no`, `name`, `price_per_month`, `room_status_id`, `startup_electricity_meter`, `startup_water_meter`) VALUES
(1, 1, 1, '1-1/1', '', '1501.00', 1, '5642', '2464'),
(2, 1, 1, '1-1/2', '', '1500.00', 1, '1374', '3221'),
(3, 1, 1, '1-1/3', '', '1500.00', 1, '1285', '4165'),
(4, 1, 1, '1-1/4', '', '1500.00', 1, '8611', '6112'),
(5, 1, 2, '1-2/1', '', '1600.00', 1, '9991', '9992'),
(6, 1, 2, '1-2/2', '', '1600.00', 1, '6461', '7635'),
(7, 1, 2, '1-2/3', '', '1600.00', 1, '3452', '4544'),
(8, 1, 2, '1-2/4', '', '1600.00', 1, '4213', '0121'),
(9, 2, 1, '2-1/1', '', '2100.00', 1, '2365', '4513'),
(10, 2, 1, '2-1/2', '', '2100.00', 3, '7855', '5364'),
(11, 2, 1, '2-1/3', '', '2100.00', 2, '9142', '6843'),
(12, 2, 1, '2-1/4', '', '2100.00', 1, '8531', '3121');

-- --------------------------------------------------------

--
-- Table structure for table `room_invoice`
--

CREATE TABLE `room_invoice` (
  `id` int(11) NOT NULL,
  `invoice_no` varchar(100) NOT NULL,
  `invoice_date` date NOT NULL,
  `month` int(11) NOT NULL,
  `year` int(11) NOT NULL,
  `room_id` int(11) NOT NULL,
  `room_price_per_month` decimal(20,2) NOT NULL,
  `electricity_previous_meter` varchar(10) NOT NULL,
  `electricity_present_meter` varchar(10) NOT NULL,
  `electricity_charge_per_unit` decimal(20,2) NOT NULL,
  `electricity_usage_unit` int(11) NOT NULL,
  `electricity_value` decimal(20,2) NOT NULL,
  `electricity_use_minimun_unit_calculate` int(1) NOT NULL,
  `water_previous_meter` varchar(10) NOT NULL,
  `water_present_meter` varchar(10) NOT NULL,
  `water_charge_per_unit` decimal(20,2) NOT NULL,
  `water_usage_unit` int(11) NOT NULL,
  `water_value` decimal(20,2) NOT NULL,
  `water_use_minimun_unit_calculate` int(1) NOT NULL,
  `status` int(1) NOT NULL DEFAULT '0' COMMENT '0ยกเลิก 1ยังไม่ชำระ 2ชำระแล้ว',
  `description` text,
  `receipt_id` int(11) DEFAULT NULL,
  `created_date` datetime NOT NULL,
  `updated_date` datetime DEFAULT NULL
) ENGINE=MyISAM DEFAULT CHARSET=utf8 ROW_FORMAT=DYNAMIC;

--
-- Dumping data for table `room_invoice`
--

INSERT INTO `room_invoice` (`id`, `invoice_no`, `invoice_date`, `month`, `year`, `room_id`, `room_price_per_month`, `electricity_previous_meter`, `electricity_present_meter`, `electricity_charge_per_unit`, `electricity_usage_unit`, `electricity_value`, `electricity_use_minimun_unit_calculate`, `water_previous_meter`, `water_present_meter`, `water_charge_per_unit`, `water_usage_unit`, `water_value`, `water_use_minimun_unit_calculate`, `status`, `description`, `receipt_id`, `created_date`, `updated_date`) VALUES
(1, 'INV14858549923140001', '2017-01-31', 1, 2017, 1, '1501.00', '5642', '5661', '7.00', 19, '133.00', 1, '2464', '2484', '6.00', 20, '120.00', 1, 2, NULL, 1, '2017-01-31 16:29:52', '2017-02-05 16:32:27'),
(2, 'INV14858549923140002', '2017-01-31', 1, 2017, 2, '1500.00', '1374', '1401', '7.00', 27, '189.00', 1, '3221', '3245', '6.00', 24, '144.00', 1, 2, NULL, 2, '2017-01-31 16:29:52', '2017-02-05 16:32:31'),
(3, 'INV14858549923300003', '2017-01-31', 1, 2017, 3, '1500.00', '1285', '1321', '7.00', 36, '252.00', 1, '4165', '4189', '6.00', 24, '144.00', 1, 2, NULL, 3, '2017-01-31 16:29:52', '2017-02-05 16:32:38'),
(4, 'INV14858549923300004', '2017-01-31', 1, 2017, 4, '1500.00', '8611', '8641', '7.00', 30, '210.00', 1, '6112', '6132', '6.00', 20, '120.00', 1, 2, NULL, 4, '2017-01-31 16:29:52', '2017-02-05 16:32:41'),
(5, 'INV14858549923450005', '2017-01-31', 1, 2017, 5, '1600.00', '9991', '0011', '7.00', 20, '140.00', 1, '9992', '0009', '6.00', 17, '102.00', 1, 2, NULL, 5, '2017-01-31 16:29:52', '2017-02-05 16:32:44'),
(6, 'INV14858549923450006', '2017-01-31', 1, 2017, 6, '1600.00', '6461', '6485', '7.00', 24, '168.00', 1, '7635', '7653', '6.00', 18, '108.00', 1, 2, NULL, 6, '2017-01-31 16:29:52', '2017-02-05 16:32:48'),
(7, 'INV14858549923610007', '2017-01-31', 1, 2017, 7, '1600.00', '3452', '3481', '7.00', 29, '203.00', 1, '4544', '4572', '6.00', 28, '168.00', 1, 2, NULL, 7, '2017-01-31 16:29:52', '2017-02-05 16:32:52'),
(8, 'INV14858549923610008', '2017-01-31', 1, 2017, 8, '1600.00', '4213', '4253', '7.00', 40, '280.00', 1, '0121', '0135', '6.00', 14, '84.00', 1, 2, NULL, 8, '2017-01-31 16:29:52', '2017-02-05 16:32:55'),
(9, 'INV14858550176240009', '2017-01-31', 1, 2017, 9, '2100.00', '2365', '2379', '7.10', 14, '99.40', 0, '4513', '4541', '6.00', 28, '168.00', 0, 2, NULL, 9, '2017-01-31 16:30:17', '2017-02-05 16:39:34'),
(10, 'INV14858550176240012', '2017-01-31', 1, 2017, 12, '2100.00', '8531', '8574', '7.10', 43, '305.30', 0, '3121', '3145', '6.00', 24, '144.00', 0, 2, NULL, 10, '2017-01-31 16:30:17', '2017-02-05 16:39:37'),
(11, 'INV14882748428800001', '2017-02-28', 2, 2017, 1, '1501.00', '5661', '5687', '7.00', 26, '182.00', 1, '2484', '2512', '6.00', 28, '168.00', 1, 2, NULL, 11, '2017-02-28 16:40:42', '2017-03-02 16:41:38'),
(12, 'INV14882748428800002', '2017-02-28', 2, 2017, 2, '1500.00', '1401', '1452', '7.00', 51, '357.00', 1, '3245', '3265', '6.00', 20, '120.00', 1, 2, NULL, 12, '2017-02-28 16:40:42', '2017-03-02 16:41:42'),
(13, 'INV14882748428960003', '2017-02-28', 2, 2017, 3, '1500.00', '1321', '1374', '7.00', 53, '371.00', 1, '4189', '4209', '6.00', 20, '120.00', 1, 2, NULL, 13, '2017-02-28 16:40:42', '2017-03-02 16:41:45'),
(14, 'INV14882748428960004', '2017-02-28', 2, 2017, 4, '1500.00', '8641', '8678', '7.00', 37, '259.00', 1, '6132', '6146', '6.00', 14, '84.00', 1, 2, NULL, 14, '2017-02-28 16:40:42', '2017-03-02 16:41:49'),
(15, 'INV14882748429120005', '2017-02-28', 2, 2017, 5, '1600.00', '0011', '0059', '7.00', 48, '336.00', 1, '0009', '0045', '6.00', 36, '216.00', 1, 2, NULL, 15, '2017-02-28 16:40:42', '2017-03-02 16:41:52'),
(16, 'INV14882748429120006', '2017-02-28', 2, 2017, 6, '1600.00', '6485', '6502', '7.00', 17, '119.00', 1, '7653', '7677', '6.00', 24, '144.00', 1, 2, NULL, 16, '2017-02-28 16:40:42', '2017-03-02 16:41:56'),
(17, 'INV14882748429270007', '2017-02-28', 2, 2017, 7, '1600.00', '3481', '3503', '7.00', 22, '154.00', 1, '4572', '4599', '6.00', 27, '162.00', 1, 2, NULL, 17, '2017-02-28 16:40:42', '2017-03-02 16:42:00'),
(18, 'INV14882748429270008', '2017-02-28', 2, 2017, 8, '1600.00', '4253', '4266', '7.00', 13, '91.00', 1, '0135', '0165', '6.00', 30, '180.00', 1, 2, NULL, 18, '2017-02-28 16:40:42', '2017-03-02 16:42:04'),
(19, 'INV14882748510050009', '2017-02-28', 2, 2017, 9, '2100.00', '2379', '2391', '7.10', 12, '85.20', 0, '4541', '4568', '6.00', 27, '162.00', 0, 2, NULL, 19, '2017-02-28 16:40:51', '2017-03-02 16:42:13'),
(20, 'INV14882748510110012', '2017-02-28', 2, 2017, 12, '2100.00', '8574', '8598', '7.10', 24, '170.40', 0, '3145', '3168', '6.00', 23, '138.00', 0, 2, NULL, 20, '2017-02-28 16:40:51', '2017-03-02 16:42:16'),
(21, 'INV14912128041260001', '2017-04-03', 3, 2017, 1, '1501.00', '5687', '5702', '7.00', 15, '105.00', 1, '2512', '2544', '6.00', 32, '192.00', 1, 2, NULL, 21, '2017-03-31 16:46:44', '2017-04-03 16:50:59'),
(22, 'INV14912128041260002', '2017-04-03', 3, 2017, 2, '1500.00', '1452', '1487', '7.00', 35, '245.00', 1, '3265', '3288', '6.00', 23, '138.00', 1, 2, NULL, 22, '2017-03-31 16:46:44', '2017-04-03 16:51:02'),
(23, 'INV14912128041420003', '2017-04-03', 3, 2017, 3, '1500.00', '1374', '1399', '7.00', 25, '175.00', 1, '4209', '4226', '6.00', 17, '102.00', 1, 2, NULL, 23, '2017-03-31 16:46:44', '2017-04-03 16:51:06'),
(24, 'INV14912128041420004', '2017-04-03', 3, 2017, 4, '1500.00', '8678', '8699', '7.00', 21, '147.00', 1, '6146', '6187', '6.00', 41, '246.00', 1, 2, NULL, 24, '2017-03-31 16:46:44', '2017-04-03 16:51:09'),
(25, 'INV14912128041570005', '2017-04-03', 3, 2017, 5, '1600.00', '0059', '0087', '7.00', 28, '196.00', 1, '0045', '0078', '6.00', 33, '198.00', 1, 2, NULL, 25, '2017-03-31 16:46:44', '2017-04-03 16:51:13'),
(26, 'INV14912128041570006', '2017-04-03', 3, 2017, 6, '1600.00', '6502', '6525', '7.00', 23, '161.00', 1, '7677', '7689', '6.00', 12, '72.00', 1, 2, NULL, 26, '2017-03-31 16:46:44', '2017-04-03 16:51:17'),
(27, 'INV14912128041730007', '2017-04-03', 3, 2017, 7, '1600.00', '3503', '3546', '7.00', 43, '301.00', 1, '4599', '4613', '6.00', 14, '84.00', 1, 2, NULL, 27, '2017-03-31 16:46:44', '2017-04-03 16:51:20'),
(28, 'INV14912128041730008', '2017-04-03', 3, 2017, 8, '1600.00', '4266', '4278', '7.00', 12, '84.00', 1, '0165', '0187', '6.00', 22, '132.00', 1, 2, NULL, 28, '2017-03-31 16:46:44', '2017-04-03 16:51:23'),
(29, 'INV14909537894750009', '2017-03-31', 3, 2017, 9, '2100.00', '2391', '2410', '7.10', 19, '134.90', 0, '4568', '4598', '6.00', 30, '180.00', 0, 2, NULL, 29, '2017-03-31 16:49:49', '2017-04-03 16:51:30'),
(30, 'INV14909537894900012', '2017-03-31', 3, 2017, 12, '2100.00', '8598', '8613', '7.10', 15, '106.50', 0, '3168', '3188', '6.00', 20, '120.00', 0, 2, NULL, 30, '2017-03-31 16:49:49', '2017-04-03 16:51:35'),
(31, 'INV14938053465070001', '2017-05-03', 4, 2017, 1, '1501.00', '5702', '5725', '7.00', 23, '161.00', 1, '2544', '2589', '6.00', 45, '270.00', 1, 2, NULL, 31, '2017-04-30 16:55:46', '2017-05-01 16:58:35'),
(32, 'INV14938053465070002', '2017-05-03', 4, 2017, 2, '1500.00', '1487', '1521', '7.00', 34, '238.00', 1, '3288', '3298', '6.00', 10, '60.00', 1, 2, NULL, 32, '2017-04-30 16:55:46', '2017-05-01 16:58:38'),
(33, 'INV14938053465220003', '2017-05-03', 4, 2017, 3, '1500.00', '1399', '1432', '7.00', 33, '231.00', 1, '4226', '4253', '6.00', 27, '162.00', 1, 2, NULL, 33, '2017-04-30 16:55:46', '2017-05-01 16:58:55'),
(34, 'INV14938053465220004', '2017-05-03', 4, 2017, 4, '1500.00', '8699', '8741', '7.00', 42, '294.00', 1, '6187', '6203', '6.00', 16, '96.00', 1, 2, NULL, 34, '2017-04-30 16:55:46', '2017-05-01 16:59:04'),
(35, 'INV14938053465380005', '2017-05-03', 4, 2017, 5, '1600.00', '0087', '0123', '7.00', 36, '252.00', 1, '0078', '0133', '6.00', 55, '330.00', 1, 2, NULL, 35, '2017-04-30 16:55:46', '2017-05-01 16:59:08'),
(36, 'INV14938053465380006', '2017-05-03', 4, 2017, 6, '1600.00', '6525', '6574', '7.00', 49, '343.00', 1, '7689', '7702', '6.00', 13, '78.00', 1, 2, NULL, 36, '2017-04-30 16:55:46', '2017-05-01 16:59:11'),
(37, 'INV14938053465380007', '2017-05-03', 4, 2017, 7, '1600.00', '3546', '3578', '7.00', 32, '224.00', 1, '4613', '4654', '6.00', 41, '246.00', 1, 2, NULL, 37, '2017-04-30 16:55:46', '2017-05-01 16:59:15'),
(38, 'INV14938053465530008', '2017-05-03', 4, 2017, 8, '1600.00', '4278', '4299', '7.00', 21, '147.00', 1, '0187', '0203', '6.00', 16, '96.00', 1, 2, NULL, 38, '2017-04-30 16:55:46', '2017-05-01 16:59:18'),
(39, 'INV14935462870880009', '2017-04-30', 4, 2017, 9, '2100.00', '2410', '2425', '7.10', 15, '106.50', 0, '4598', '4614', '6.00', 16, '96.00', 0, 2, NULL, 39, '2017-04-30 16:58:07', '2017-05-01 16:59:25'),
(40, 'INV14935462871040012', '2017-04-30', 4, 2017, 12, '2100.00', '8613', '8641', '7.10', 28, '198.80', 0, '3188', '3221', '6.00', 33, '198.00', 0, 2, NULL, 40, '2017-04-30 16:58:07', '2017-05-01 16:59:28'),
(41, 'INV14962249527340001', '2017-05-31', 5, 2017, 1, '1501.00', '5725', '5752', '7.00', 27, '189.00', 1, '2589', '2614', '6.00', 25, '150.00', 1, 2, NULL, 41, '2017-05-31 17:02:32', '2017-06-02 17:03:14'),
(42, 'INV14962249527340002', '2017-05-31', 5, 2017, 2, '1500.00', '1521', '1564', '7.00', 43, '301.00', 1, '3298', '3315', '6.00', 17, '102.00', 1, 1, NULL, NULL, '2017-05-31 17:02:32', NULL),
(43, 'INV14962249527500003', '2017-05-31', 5, 2017, 3, '1500.00', '1432', '1465', '7.00', 33, '231.00', 1, '4253', '4289', '6.00', 36, '216.00', 1, 2, NULL, 42, '2017-05-31 17:02:32', '2017-06-02 17:03:19'),
(44, 'INV14962249527500004', '2017-05-31', 5, 2017, 4, '1500.00', '8741', '8793', '7.00', 52, '364.00', 1, '6203', '6233', '6.00', 30, '180.00', 1, 1, NULL, NULL, '2017-05-31 17:02:32', NULL),
(45, 'INV14962249527650005', '2017-05-31', 5, 2017, 5, '1600.00', '0123', '0175', '7.00', 52, '364.00', 1, '0133', '0166', '6.00', 33, '198.00', 1, 2, NULL, 43, '2017-05-31 17:02:32', '2017-06-02 17:03:24'),
(46, 'INV14962249527650006', '2017-05-31', 5, 2017, 6, '1600.00', '6574', '6600', '7.00', 26, '182.00', 1, '7702', '7723', '6.00', 21, '126.00', 1, 2, NULL, 44, '2017-05-31 17:02:32', '2017-06-02 17:03:28'),
(47, 'INV14962249527810007', '2017-05-31', 5, 2017, 7, '1600.00', '3578', '3591', '7.00', 13, '91.00', 1, '4654', '4687', '6.00', 33, '198.00', 1, 2, NULL, 45, '2017-05-31 17:02:32', '2017-06-02 17:03:32'),
(48, 'INV14962249527810008', '2017-05-31', 5, 2017, 8, '1600.00', '4299', '4321', '7.00', 22, '154.00', 1, '0203', '0241', '6.00', 38, '228.00', 1, 2, NULL, 46, '2017-05-31 17:02:32', '2017-06-02 17:03:35'),
(49, 'INV14962249612110009', '2017-05-31', 5, 2017, 9, '2100.00', '2425', '2461', '7.10', 36, '255.60', 0, '4614', '4684', '6.00', 70, '420.00', 0, 2, NULL, 47, '2017-05-31 17:02:41', '2017-06-02 17:03:41'),
(50, 'INV14962249612260012', '2017-05-31', 5, 2017, 12, '2100.00', '8641', '8687', '7.10', 46, '326.60', 0, '3221', '3264', '6.00', 43, '258.00', 0, 2, NULL, 48, '2017-05-31 17:02:41', '2017-06-02 17:03:44'),
(51, 'INV14988173658820001', '2017-06-30', 6, 2017, 1, '1501.00', '5752', '5782', '7.00', 30, '210.00', 1, '2614', '2641', '6.00', 27, '162.00', 1, 2, NULL, 49, '2017-06-30 17:09:25', '2017-07-06 17:10:00'),
(52, 'INV14988173658970002', '2017-06-30', 6, 2017, 2, '1500.00', '1564', '1579', '7.00', 15, '105.00', 1, '3315', '3324', '6.00', 9, '54.00', 1, 2, NULL, 50, '2017-06-30 17:09:25', '2017-07-06 17:10:04'),
(53, 'INV14988173658970003', '2017-06-30', 6, 2017, 3, '1500.00', '1465', '1478', '7.00', 13, '91.00', 1, '4289', '4302', '6.00', 13, '78.00', 1, 2, NULL, 51, '2017-06-30 17:09:25', '2017-07-06 17:10:07'),
(54, 'INV14988173658970004', '2017-06-30', 6, 2017, 4, '1500.00', '8793', '8814', '7.00', 21, '147.00', 1, '6233', '6247', '6.00', 14, '84.00', 1, 2, NULL, 52, '2017-06-30 17:09:25', '2017-07-06 17:10:10'),
(55, 'INV14988173659130005', '2017-06-30', 6, 2017, 5, '1600.00', '0175', '0181', '7.00', 6, '42.00', 1, '0166', '0175', '6.00', 9, '54.00', 1, 1, NULL, NULL, '2017-06-30 17:09:25', NULL),
(56, 'INV14988173659130006', '2017-06-30', 6, 2017, 6, '1600.00', '6600', '6642', '7.00', 42, '294.00', 1, '7723', '7748', '6.00', 25, '150.00', 1, 2, NULL, 53, '2017-06-30 17:09:25', '2017-07-06 17:10:13'),
(57, 'INV14988173659290007', '2017-06-30', 6, 2017, 7, '1600.00', '3591', '3622', '7.00', 31, '217.00', 1, '4687', '4702', '6.00', 15, '90.00', 1, 2, NULL, 54, '2017-06-30 17:09:25', '2017-07-06 17:10:16'),
(58, 'INV14988173659290008', '2017-06-30', 6, 2017, 8, '1600.00', '4321', '4374', '7.00', 53, '371.00', 1, '0241', '0265', '6.00', 24, '144.00', 1, 2, NULL, 55, '2017-06-30 17:09:25', '2017-07-06 17:10:19'),
(59, 'INV14988173772330009', '2017-06-30', 6, 2017, 9, '2100.00', '2461', '2481', '7.10', 20, '142.00', 0, '4684', '4703', '6.00', 19, '114.00', 0, 2, NULL, 56, '2017-06-30 17:09:37', '2017-07-06 17:10:25'),
(60, 'INV14988173772490012', '2017-06-30', 6, 2017, 12, '2100.00', '8687', '8725', '7.10', 38, '269.80', 0, '3264', '3301', '6.00', 37, '222.00', 0, 2, NULL, 57, '2017-06-30 17:09:37', '2017-07-06 17:10:28'),
(61, 'INV15014312123300001', '2017-07-30', 7, 2017, 1, '1501.00', '5782', '5803', '7.00', 21, '147.00', 1, '2641', '2687', '6.00', 46, '276.00', 1, 2, NULL, 58, '2017-07-30 23:13:32', '2017-08-01 11:24:55'),
(62, 'INV15014312123530002', '2017-07-30', 7, 2017, 2, '1500.00', '1579', '1611', '7.00', 32, '224.00', 1, '3324', '3354', '6.00', 30, '180.00', 1, 2, NULL, 59, '2017-07-30 23:13:32', '2017-08-01 11:24:59'),
(63, 'INV15014312123610003', '2017-07-30', 7, 2017, 3, '1500.00', '1478', '1502', '7.00', 24, '168.00', 1, '4302', '4342', '6.00', 40, '240.00', 1, 2, NULL, 60, '2017-07-30 23:13:32', '2017-08-01 11:25:03'),
(64, 'INV15014312123720004', '2017-07-30', 7, 2017, 4, '1500.00', '8814', '8842', '7.00', 28, '196.00', 1, '6247', '6275', '6.00', 28, '168.00', 1, 2, NULL, 61, '2017-07-30 23:13:32', '2017-08-01 11:25:20'),
(65, 'INV15014312123830005', '2017-07-30', 7, 2017, 5, '1600.00', '0181', '0202', '7.00', 21, '147.00', 1, '0175', '0196', '6.00', 21, '126.00', 1, 2, NULL, 62, '2017-07-30 23:13:32', '2017-08-01 11:25:23'),
(66, 'INV15014312123860006', '2017-07-30', 7, 2017, 6, '1600.00', '6642', '6674', '7.00', 32, '224.00', 1, '7748', '7771', '6.00', 23, '138.00', 1, 2, NULL, 63, '2017-07-30 23:13:32', '2017-08-01 11:25:27'),
(67, 'INV15014312124020007', '2017-07-30', 7, 2017, 7, '1600.00', '3622', '3655', '7.00', 33, '231.00', 1, '4702', '4756', '6.00', 54, '324.00', 1, 2, NULL, 64, '2017-07-30 23:13:32', '2017-08-01 11:25:30'),
(68, 'INV15014312124020008', '2017-07-30', 7, 2017, 8, '1600.00', '4374', '4388', '7.00', 14, '98.00', 1, '0265', '0289', '6.00', 24, '144.00', 1, 2, NULL, 65, '2017-07-30 23:13:32', '2017-08-01 11:25:34'),
(69, 'INV15014312241820009', '2017-07-30', 7, 2017, 9, '2100.00', '2481', '2502', '7.10', 21, '149.10', 0, '4703', '4754', '6.00', 51, '306.00', 0, 2, NULL, 66, '2017-07-30 23:13:44', '2017-08-01 11:25:45'),
(70, 'INV15014312241890012', '2017-07-30', 7, 2017, 12, '2100.00', '8725', '8788', '7.10', 63, '447.30', 0, '3301', '3315', '6.00', 14, '84.00', 0, 2, NULL, 67, '2017-07-30 23:13:44', '2017-08-01 11:25:50');

-- --------------------------------------------------------

--
-- Table structure for table `room_receipt`
--

CREATE TABLE `room_receipt` (
  `id` int(11) NOT NULL,
  `receipt_no` varchar(100) NOT NULL,
  `invoice_id` int(11) NOT NULL,
  `payer` varchar(255) NOT NULL,
  `status` int(1) NOT NULL,
  `description` text,
  `created_date` datetime NOT NULL,
  `updated_date` datetime DEFAULT NULL
) ENGINE=MyISAM DEFAULT CHARSET=utf8 ROW_FORMAT=DYNAMIC;

--
-- Dumping data for table `room_receipt`
--

INSERT INTO `room_receipt` (`id`, `receipt_no`, `invoice_id`, `payer`, `status`, `description`, `created_date`, `updated_date`) VALUES
(1, 'RE14862871477080001', 1, 'วสันต์ ศักดาศักดิ์', 1, NULL, '2017-02-05 16:32:27', NULL),
(2, 'RE14862871514170002', 2, 'วิชุดา นนทภา', 1, NULL, '2017-02-05 16:32:31', NULL),
(3, 'RE14862871580880003', 3, 'ณิชาภัทร ใสชูชล', 1, NULL, '2017-02-05 16:32:38', NULL),
(4, 'RE14862871613210004', 4, 'รัชณีภรณ์ ส่างน้อย', 1, NULL, '2017-02-05 16:32:41', NULL),
(5, 'RE14862871647100005', 5, 'สิริมา สมานจิต', 1, NULL, '2017-02-05 16:32:44', NULL),
(6, 'RE14862871683400006', 6, 'ทิพวรรณ เกษรโอสถ', 1, NULL, '2017-02-05 16:32:48', NULL),
(7, 'RE14862871722710007', 7, 'ธราดล ดาวังป่า', 1, NULL, '2017-02-05 16:32:52', NULL),
(8, 'RE14862871756290008', 8, 'จารุวรรณ สมัครศิริกิจ', 1, NULL, '2017-02-05 16:32:55', NULL),
(9, 'RE14862875740440009', 9, 'พรพิไล จันทินมาธร', 1, NULL, '2017-02-05 16:39:34', NULL),
(10, 'RE14862875778670010', 10, 'ภัณฑิรา แก้วงาม', 1, NULL, '2017-02-05 16:39:37', NULL),
(11, 'RE14884476989380011', 11, 'วสันต์ ศักดาศักดิ์', 1, NULL, '2017-03-02 16:41:38', NULL),
(12, 'RE14884477020920012', 12, 'วิชุดา นนทภา', 1, NULL, '2017-03-02 16:41:42', NULL),
(13, 'RE14884477055750013', 13, 'ณิชาภัทร ใสชูชล', 1, NULL, '2017-03-02 16:41:45', NULL),
(14, 'RE14884477097070014', 14, 'รัชณีภรณ์ ส่างน้อย', 1, NULL, '2017-03-02 16:41:49', NULL),
(15, 'RE14884477129090015', 15, 'สิริมา สมานจิต', 1, NULL, '2017-03-02 16:41:52', NULL),
(16, 'RE14884477160720016', 16, 'ทิพวรรณ เกษรโอสถ', 1, NULL, '2017-03-02 16:41:56', NULL),
(17, 'RE14884477200480017', 17, 'ธราดล ดาวังป่า', 1, NULL, '2017-03-02 16:42:00', NULL),
(18, 'RE14884477244500018', 18, 'จารุวรรณ สมัครศิริกิจ', 1, NULL, '2017-03-02 16:42:04', NULL),
(19, 'RE14884477336540019', 19, 'พรพิไล จันทินมาธร', 1, NULL, '2017-03-02 16:42:13', NULL),
(20, 'RE14884477368920020', 20, 'ภัณฑิรา แก้วงาม', 1, NULL, '2017-03-02 16:42:16', NULL),
(21, 'RE14912130594300021', 21, 'วสันต์ ศักดาศักดิ์', 1, NULL, '2017-04-03 16:50:59', NULL),
(22, 'RE14912130627880022', 22, 'วิชุดา นนทภา', 1, NULL, '2017-04-03 16:51:02', NULL),
(23, 'RE14912130663300023', 23, 'ณิชาภัทร ใสชูชล', 1, NULL, '2017-04-03 16:51:06', NULL),
(24, 'RE14912130696290024', 24, 'รัชณีภรณ์ ส่างน้อย', 1, NULL, '2017-04-03 16:51:09', NULL),
(25, 'RE14912130735940025', 25, 'สิริมา สมานจิต', 1, NULL, '2017-04-03 16:51:13', NULL),
(26, 'RE14912130771300026', 26, 'ทิพวรรณ เกษรโอสถ', 1, NULL, '2017-04-03 16:51:17', NULL),
(27, 'RE14912130805510027', 27, 'ธราดล ดาวังป่า', 1, NULL, '2017-04-03 16:51:20', NULL),
(28, 'RE14912130838240028', 28, 'จารุวรรณ สมัครศิริกิจ', 1, NULL, '2017-04-03 16:51:23', NULL),
(29, 'RE14912130901030029', 29, 'พรพิไล จันทินมาธร', 1, NULL, '2017-04-03 16:51:30', NULL),
(30, 'RE14912130959120030', 30, 'ภัณฑิรา แก้วงาม', 1, NULL, '2017-04-03 16:51:35', NULL),
(31, 'RE14936327152900031', 31, 'วสันต์ ศักดาศักดิ์', 1, NULL, '2017-05-01 16:58:35', NULL),
(32, 'RE14936327187150032', 32, 'วิชุดา นนทภา', 1, NULL, '2017-05-01 16:58:38', NULL),
(33, 'RE14936327351200033', 33, 'ณิชาภัทร ใสชูชล', 1, NULL, '2017-05-01 16:58:55', NULL),
(34, 'RE14936327442660034', 34, 'รัชณีภรณ์ ส่างน้อย', 1, NULL, '2017-05-01 16:59:04', NULL),
(35, 'RE14936327486220035', 35, 'สิริมา สมานจิต', 1, NULL, '2017-05-01 16:59:08', NULL),
(36, 'RE14936327518320036', 36, 'ทิพวรรณ เกษรโอสถ', 1, NULL, '2017-05-01 16:59:11', NULL),
(37, 'RE14936327551410037', 37, 'ธราดล ดาวังป่า', 1, NULL, '2017-05-01 16:59:15', NULL),
(38, 'RE14936327583500038', 38, 'จารุวรรณ สมัครศิริกิจ', 1, NULL, '2017-05-01 16:59:18', NULL),
(39, 'RE14936327651190039', 39, 'พรพิไล จันทินมาธร', 1, NULL, '2017-05-01 16:59:25', NULL),
(40, 'RE14936327688780040', 40, 'ภัณฑิรา แก้วงาม', 1, NULL, '2017-05-01 16:59:28', NULL),
(41, 'RE14963977943750041', 41, 'วสันต์ ศักดาศักดิ์', 1, NULL, '2017-06-02 17:03:14', NULL),
(42, 'RE14963977999670043', 43, 'ณิชาภัทร ใสชูชล', 1, NULL, '2017-06-02 17:03:19', NULL),
(43, 'RE14963978047400045', 45, 'สิริมา สมานจิต', 1, NULL, '2017-06-02 17:03:24', NULL),
(44, 'RE14963978083230046', 46, 'ทิพวรรณ เกษรโอสถ', 1, NULL, '2017-06-02 17:03:28', NULL),
(45, 'RE14963978120890047', 47, 'ธราดล ดาวังป่า', 1, NULL, '2017-06-02 17:03:32', NULL),
(46, 'RE14963978151810048', 48, 'จารุวรรณ สมัครศิริกิจ', 1, NULL, '2017-06-02 17:03:35', NULL),
(47, 'RE14963978213970049', 49, 'พรพิไล จันทินมาธร', 1, NULL, '2017-06-02 17:03:41', NULL),
(48, 'RE14963978246290050', 50, 'ภัณฑิรา แก้วงาม', 1, NULL, '2017-06-02 17:03:44', NULL),
(49, 'RE14993358002420051', 51, 'วสันต์ ศักดาศักดิ์', 1, NULL, '2017-07-06 17:10:00', NULL),
(50, 'RE14993358043490052', 52, 'วิชุดา นนทภา', 1, NULL, '2017-07-06 17:10:04', NULL),
(51, 'RE14993358077380053', 53, 'ณิชาภัทร ใสชูชล', 1, NULL, '2017-07-06 17:10:07', NULL),
(52, 'RE14993358108080054', 54, 'รัชณีภรณ์ ส่างน้อย', 1, NULL, '2017-07-06 17:10:10', NULL),
(53, 'RE14993358136880056', 56, 'ทิพวรรณ เกษรโอสถ', 1, NULL, '2017-07-06 17:10:13', NULL),
(54, 'RE14993358168260057', 57, 'ธราดล ดาวังป่า', 1, NULL, '2017-07-06 17:10:16', NULL),
(55, 'RE14993358199890058', 58, 'จารุวรรณ สมัครศิริกิจ', 1, NULL, '2017-07-06 17:10:19', NULL),
(56, 'RE14993358254260059', 59, 'พรพิไล จันทินมาธร', 1, NULL, '2017-07-06 17:10:25', NULL),
(57, 'RE14993358286760060', 60, 'ภัณฑิรา แก้วงาม', 1, NULL, '2017-07-06 17:10:28', NULL),
(58, 'RE15015614957310061', 61, 'วสันต์ ศักดาศักดิ์', 1, NULL, '2017-08-01 11:24:55', NULL),
(59, 'RE15015614994330062', 62, 'วิชุดา นนทภา', 1, NULL, '2017-08-01 11:24:59', NULL),
(60, 'RE15015615038610063', 63, 'ณิชาภัทร ใสชูชล', 1, NULL, '2017-08-01 11:25:03', NULL),
(61, 'RE15015615202130064', 64, 'รัชณีภรณ์ ส่างน้อย', 1, NULL, '2017-08-01 11:25:20', NULL),
(62, 'RE15015615233770065', 65, 'สิริมา สมานจิต', 1, NULL, '2017-08-01 11:25:23', NULL),
(63, 'RE15015615270980066', 66, 'ทิพวรรณ เกษรโอสถ', 1, NULL, '2017-08-01 11:25:27', NULL),
(64, 'RE15015615306050067', 67, 'ธราดล ดาวังป่า', 1, NULL, '2017-08-01 11:25:30', NULL),
(65, 'RE15015615341310068', 68, 'จารุวรรณ สมัครศิริกิจ', 1, NULL, '2017-08-01 11:25:34', NULL),
(66, 'RE15015615450600069', 69, 'พรพิไล จันทินมาธร', 1, NULL, '2017-08-01 11:25:45', NULL),
(67, 'RE15015615502890070', 70, 'ภัณฑิรา แก้วงาม', 1, NULL, '2017-08-01 11:25:50', NULL);

-- --------------------------------------------------------

--
-- Table structure for table `room_reservation`
--

CREATE TABLE `room_reservation` (
  `id` int(11) NOT NULL,
  `reserve_date` date NOT NULL,
  `reserve_expired` date DEFAULT NULL,
  `room_id` int(11) NOT NULL,
  `id_card` varchar(50) NOT NULL,
  `reserve_name` varchar(255) NOT NULL,
  `reserve_lastname` varchar(255) DEFAULT NULL,
  `remark` text,
  `created_date` datetime NOT NULL,
  `updated_date` datetime DEFAULT NULL,
  `status` int(1) NOT NULL COMMENT '1=reserve, 2=cancel, 3=cancel_for_checkin'
) ENGINE=MyISAM DEFAULT CHARSET=utf8;

--
-- Dumping data for table `room_reservation`
--

INSERT INTO `room_reservation` (`id`, `reserve_date`, `reserve_expired`, `room_id`, `id_card`, `reserve_name`, `reserve_lastname`, `remark`, `created_date`, `updated_date`, `status`) VALUES
(1, '2017-01-01', NULL, 1, '1659900505061', 'บุญญารัตน์', 'อินยิ้ม', 'ยกเลิกการจอง', '2017-01-01 16:13:43', '2017-01-01 16:14:17', 2),
(2, '2017-01-01', NULL, 1, '1820800064403', 'วสันต์', 'ศักดาศักดิ์', '', '2017-01-01 16:15:07', '2017-01-01 16:15:14', 3);

-- --------------------------------------------------------

--
-- Table structure for table `room_status`
--

CREATE TABLE `room_status` (
  `id` int(11) NOT NULL,
  `status` varchar(255) NOT NULL
) ENGINE=MyISAM DEFAULT CHARSET=utf8;

--
-- Dumping data for table `room_status`
--

INSERT INTO `room_status` (`id`, `status`) VALUES
(1, 'room.status.enabled'),
(2, 'room.status.disabled'),
(3, 'room.status.maintenance');

-- --------------------------------------------------------

--
-- Table structure for table `test`
--

CREATE TABLE `test` (
  `id` int(11) NOT NULL,
  `name` varchar(255) NOT NULL,
  `surname` varchar(255) NOT NULL
) ENGINE=MyISAM DEFAULT CHARSET=utf8;

--
-- Dumping data for table `test`
--

INSERT INTO `test` (`id`, `name`, `surname`) VALUES
(1, 'Somchai', 'Jaidee'),
(2, 'Somsri', 'Jaiyen');

-- --------------------------------------------------------

--
-- Table structure for table `users`
--

CREATE TABLE `users` (
  `id` int(11) NOT NULL,
  `firstname` varchar(255) NOT NULL,
  `lastname` varchar(255) NOT NULL,
  `email` varchar(255) NOT NULL,
  `password` varchar(255) NOT NULL,
  `is_admin` int(1) NOT NULL DEFAULT '0',
  `status` int(1) NOT NULL
) ENGINE=MyISAM DEFAULT CHARSET=utf8;

--
-- Dumping data for table `users`
--

INSERT INTO `users` (`id`, `firstname`, `lastname`, `email`, `password`, `is_admin`, `status`) VALUES
(1, 'System', 'Admin', 'admin@admin.com', '7110eda4d09e062aa5e4a390b0a572ac0d2c0220', 1, 1);

-- --------------------------------------------------------

--
-- Table structure for table `water_meter`
--

CREATE TABLE `water_meter` (
  `room_id` int(11) NOT NULL,
  `month` int(11) NOT NULL,
  `year` int(11) NOT NULL,
  `previous_meter` varchar(10) NOT NULL,
  `present_meter` varchar(10) NOT NULL,
  `charge_per_unit` decimal(20,2) NOT NULL,
  `usage_unit` int(11) NOT NULL,
  `value` decimal(20,2) NOT NULL,
  `use_minimun_unit_calculate` int(1) NOT NULL,
  `created_date` datetime NOT NULL,
  `updated_date` datetime DEFAULT NULL
) ENGINE=MyISAM DEFAULT CHARSET=utf8;

--
-- Dumping data for table `water_meter`
--

INSERT INTO `water_meter` (`room_id`, `month`, `year`, `previous_meter`, `present_meter`, `charge_per_unit`, `usage_unit`, `value`, `use_minimun_unit_calculate`, `created_date`, `updated_date`) VALUES
(1, 1, 2017, '2464', '2484', '6.00', 20, '120.00', 1, '2017-01-31 16:28:38', NULL),
(2, 1, 2017, '3221', '3245', '6.00', 24, '144.00', 1, '2017-01-31 16:28:38', NULL),
(3, 1, 2017, '4165', '4189', '6.00', 24, '144.00', 1, '2017-01-31 16:28:38', NULL),
(4, 1, 2017, '6112', '6132', '6.00', 20, '120.00', 1, '2017-01-31 16:28:38', NULL),
(5, 1, 2017, '9992', '0009', '6.00', 17, '102.00', 1, '2017-01-31 16:28:38', NULL),
(6, 1, 2017, '7635', '7653', '6.00', 18, '108.00', 1, '2017-01-31 16:28:38', NULL),
(7, 1, 2017, '4544', '4572', '6.00', 28, '168.00', 1, '2017-01-31 16:28:38', NULL),
(8, 1, 2017, '0121', '0135', '6.00', 14, '84.00', 1, '2017-01-31 16:28:38', NULL),
(9, 1, 2017, '4513', '4541', '6.00', 28, '168.00', 0, '2017-01-31 16:29:21', NULL),
(10, 1, 2017, '5364', '5364', '6.00', 0, '0.00', 0, '2017-01-31 16:29:21', NULL),
(11, 1, 2017, '6843', '6843', '6.00', 0, '0.00', 0, '2017-01-31 16:29:21', NULL),
(12, 1, 2017, '3121', '3145', '6.00', 24, '144.00', 0, '2017-01-31 16:29:21', NULL),
(1, 2, 2017, '2484', '2512', '6.00', 28, '168.00', 1, '2017-02-28 16:36:55', NULL),
(2, 2, 2017, '3245', '3265', '6.00', 20, '120.00', 1, '2017-02-28 16:36:55', NULL),
(3, 2, 2017, '4189', '4209', '6.00', 20, '120.00', 1, '2017-02-28 16:36:55', NULL),
(4, 2, 2017, '6132', '6146', '6.00', 14, '84.00', 1, '2017-02-28 16:36:55', NULL),
(5, 2, 2017, '0009', '0045', '6.00', 36, '216.00', 1, '2017-02-28 16:36:55', NULL),
(6, 2, 2017, '7653', '7677', '6.00', 24, '144.00', 1, '2017-02-28 16:36:55', NULL),
(7, 2, 2017, '4572', '4599', '6.00', 27, '162.00', 1, '2017-02-28 16:36:55', NULL),
(8, 2, 2017, '0135', '0165', '6.00', 30, '180.00', 1, '2017-02-28 16:36:55', NULL),
(9, 2, 2017, '4541', '4568', '6.00', 27, '162.00', 0, '2017-02-28 16:38:44', NULL),
(10, 2, 2017, '5364', '5364', '6.00', 0, '0.00', 0, '2017-02-28 16:38:44', NULL),
(11, 2, 2017, '6843', '6843', '6.00', 0, '0.00', 0, '2017-02-28 16:38:44', NULL),
(12, 2, 2017, '3145', '3168', '6.00', 23, '138.00', 0, '2017-02-28 16:38:44', NULL),
(1, 3, 2017, '2512', '2544', '6.00', 32, '192.00', 1, '2017-03-31 16:44:58', NULL),
(2, 3, 2017, '3265', '3288', '6.00', 23, '138.00', 1, '2017-03-31 16:44:58', NULL),
(3, 3, 2017, '4209', '4226', '6.00', 17, '102.00', 1, '2017-03-31 16:44:58', NULL),
(4, 3, 2017, '6146', '6187', '6.00', 41, '246.00', 1, '2017-03-31 16:44:58', NULL),
(5, 3, 2017, '0045', '0078', '6.00', 33, '198.00', 1, '2017-03-31 16:44:58', NULL),
(6, 3, 2017, '7677', '7689', '6.00', 12, '72.00', 1, '2017-03-31 16:44:58', NULL),
(7, 3, 2017, '4599', '4613', '6.00', 14, '84.00', 1, '2017-03-31 16:44:58', NULL),
(8, 3, 2017, '0165', '0187', '6.00', 22, '132.00', 1, '2017-03-31 16:44:58', NULL),
(9, 3, 2017, '4568', '4598', '6.00', 30, '180.00', 0, '2017-03-31 16:46:01', NULL),
(10, 3, 2017, '5364', '5364', '6.00', 0, '0.00', 0, '2017-03-31 16:46:01', NULL),
(11, 3, 2017, '6843', '6843', '6.00', 0, '0.00', 0, '2017-03-31 16:46:01', NULL),
(12, 3, 2017, '3168', '3188', '6.00', 20, '120.00', 0, '2017-03-31 16:46:01', NULL),
(1, 4, 2017, '2544', '2589', '6.00', 45, '270.00', 1, '2017-04-30 16:54:03', NULL),
(2, 4, 2017, '3288', '3298', '6.00', 10, '60.00', 1, '2017-04-30 16:54:04', NULL),
(3, 4, 2017, '4226', '4253', '6.00', 27, '162.00', 1, '2017-04-30 16:54:04', NULL),
(4, 4, 2017, '6187', '6203', '6.00', 16, '96.00', 1, '2017-04-30 16:54:04', NULL),
(5, 4, 2017, '0078', '0133', '6.00', 55, '330.00', 1, '2017-04-30 16:54:04', NULL),
(6, 4, 2017, '7689', '7702', '6.00', 13, '78.00', 1, '2017-04-30 16:54:04', NULL),
(7, 4, 2017, '4613', '4654', '6.00', 41, '246.00', 1, '2017-04-30 16:54:04', NULL),
(8, 4, 2017, '0187', '0203', '6.00', 16, '96.00', 1, '2017-04-30 16:54:04', NULL),
(9, 4, 2017, '4598', '4614', '6.00', 16, '96.00', 0, '2017-04-30 16:54:48', NULL),
(10, 4, 2017, '5364', '5364', '6.00', 0, '0.00', 0, '2017-04-30 16:54:48', NULL),
(11, 4, 2017, '6843', '6843', '6.00', 0, '0.00', 0, '2017-04-30 16:54:48', NULL),
(12, 4, 2017, '3188', '3221', '6.00', 33, '198.00', 0, '2017-04-30 16:54:48', NULL),
(1, 5, 2017, '2589', '2614', '6.00', 25, '150.00', 1, '2017-05-31 17:01:25', NULL),
(2, 5, 2017, '3298', '3315', '6.00', 17, '102.00', 1, '2017-05-31 17:01:25', NULL),
(3, 5, 2017, '4253', '4289', '6.00', 36, '216.00', 1, '2017-05-31 17:01:25', NULL),
(4, 5, 2017, '6203', '6233', '6.00', 30, '180.00', 1, '2017-05-31 17:01:25', NULL),
(5, 5, 2017, '0133', '0166', '6.00', 33, '198.00', 1, '2017-05-31 17:01:25', NULL),
(6, 5, 2017, '7702', '7723', '6.00', 21, '126.00', 1, '2017-05-31 17:01:25', NULL),
(7, 5, 2017, '4654', '4687', '6.00', 33, '198.00', 1, '2017-05-31 17:01:25', NULL),
(8, 5, 2017, '0203', '0241', '6.00', 38, '228.00', 1, '2017-05-31 17:01:25', NULL),
(9, 5, 2017, '4614', '4684', '6.00', 70, '420.00', 0, '2017-05-31 17:02:10', NULL),
(10, 5, 2017, '5364', '5364', '6.00', 0, '0.00', 0, '2017-05-31 17:02:10', NULL),
(11, 5, 2017, '6843', '6843', '6.00', 0, '0.00', 0, '2017-05-31 17:02:10', NULL),
(12, 5, 2017, '3221', '3264', '6.00', 43, '258.00', 0, '2017-05-31 17:02:10', NULL),
(1, 6, 2017, '2614', '2641', '6.00', 27, '162.00', 1, '2017-06-30 17:07:56', NULL),
(2, 6, 2017, '3315', '3324', '6.00', 9, '54.00', 1, '2017-06-30 17:07:56', NULL),
(3, 6, 2017, '4289', '4302', '6.00', 13, '78.00', 1, '2017-06-30 17:07:56', NULL),
(4, 6, 2017, '6233', '6247', '6.00', 14, '84.00', 1, '2017-06-30 17:07:56', NULL),
(5, 6, 2017, '0166', '0175', '6.00', 9, '54.00', 1, '2017-06-30 17:07:56', NULL),
(6, 6, 2017, '7723', '7748', '6.00', 25, '150.00', 1, '2017-06-30 17:07:56', NULL),
(7, 6, 2017, '4687', '4702', '6.00', 15, '90.00', 1, '2017-06-30 17:07:56', NULL),
(8, 6, 2017, '0241', '0265', '6.00', 24, '144.00', 1, '2017-06-30 17:07:56', NULL),
(9, 6, 2017, '4684', '4703', '6.00', 19, '114.00', 0, '2017-06-30 17:08:33', NULL),
(10, 6, 2017, '5364', '5364', '6.00', 0, '0.00', 0, '2017-06-30 17:08:33', NULL),
(11, 6, 2017, '6843', '6843', '6.00', 0, '0.00', 0, '2017-06-30 17:08:33', NULL),
(12, 6, 2017, '3264', '3301', '6.00', 37, '222.00', 0, '2017-06-30 17:08:33', NULL),
(1, 7, 2017, '2641', '2687', '6.00', 46, '276.00', 1, '2017-07-30 23:11:34', NULL),
(2, 7, 2017, '3324', '3354', '6.00', 30, '180.00', 1, '2017-07-30 23:11:34', NULL),
(3, 7, 2017, '4302', '4342', '6.00', 40, '240.00', 1, '2017-07-30 23:11:34', NULL),
(4, 7, 2017, '6247', '6275', '6.00', 28, '168.00', 1, '2017-07-30 23:11:34', NULL),
(5, 7, 2017, '0175', '0196', '6.00', 21, '126.00', 1, '2017-07-30 23:11:34', NULL),
(6, 7, 2017, '7748', '7771', '6.00', 23, '138.00', 1, '2017-07-30 23:11:34', NULL),
(7, 7, 2017, '4702', '4756', '6.00', 54, '324.00', 1, '2017-07-30 23:11:34', NULL),
(8, 7, 2017, '0265', '0289', '6.00', 24, '144.00', 1, '2017-07-30 23:11:34', NULL),
(9, 7, 2017, '4703', '4754', '6.00', 51, '306.00', 0, '2017-07-30 23:13:13', NULL),
(10, 7, 2017, '5364', '5364', '6.00', 0, '0.00', 0, '2017-07-30 23:13:13', NULL),
(11, 7, 2017, '6843', '6843', '6.00', 0, '0.00', 0, '2017-07-30 23:13:13', NULL),
(12, 7, 2017, '3301', '3315', '6.00', 14, '84.00', 0, '2017-07-30 23:13:13', NULL);

--
-- Indexes for dumped tables
--

--
-- Indexes for table `building`
--
ALTER TABLE `building`
  ADD PRIMARY KEY (`id`);

--
-- Indexes for table `check_in_out_history`
--
ALTER TABLE `check_in_out_history`
  ADD PRIMARY KEY (`id`);

--
-- Indexes for table `room`
--
ALTER TABLE `room`
  ADD PRIMARY KEY (`id`);

--
-- Indexes for table `room_invoice`
--
ALTER TABLE `room_invoice`
  ADD PRIMARY KEY (`id`);

--
-- Indexes for table `room_receipt`
--
ALTER TABLE `room_receipt`
  ADD PRIMARY KEY (`id`);

--
-- Indexes for table `room_reservation`
--
ALTER TABLE `room_reservation`
  ADD PRIMARY KEY (`id`);

--
-- Indexes for table `room_status`
--
ALTER TABLE `room_status`
  ADD PRIMARY KEY (`id`);

--
-- Indexes for table `test`
--
ALTER TABLE `test`
  ADD PRIMARY KEY (`id`);

--
-- Indexes for table `users`
--
ALTER TABLE `users`
  ADD PRIMARY KEY (`id`);

--
-- AUTO_INCREMENT for dumped tables
--

--
-- AUTO_INCREMENT for table `building`
--
ALTER TABLE `building`
  MODIFY `id` int(11) NOT NULL AUTO_INCREMENT, AUTO_INCREMENT=3;
--
-- AUTO_INCREMENT for table `check_in_out_history`
--
ALTER TABLE `check_in_out_history`
  MODIFY `id` int(11) NOT NULL AUTO_INCREMENT, AUTO_INCREMENT=11;
--
-- AUTO_INCREMENT for table `room`
--
ALTER TABLE `room`
  MODIFY `id` int(11) NOT NULL AUTO_INCREMENT, AUTO_INCREMENT=13;
--
-- AUTO_INCREMENT for table `room_invoice`
--
ALTER TABLE `room_invoice`
  MODIFY `id` int(11) NOT NULL AUTO_INCREMENT, AUTO_INCREMENT=71;
--
-- AUTO_INCREMENT for table `room_receipt`
--
ALTER TABLE `room_receipt`
  MODIFY `id` int(11) NOT NULL AUTO_INCREMENT, AUTO_INCREMENT=68;
--
-- AUTO_INCREMENT for table `room_reservation`
--
ALTER TABLE `room_reservation`
  MODIFY `id` int(11) NOT NULL AUTO_INCREMENT, AUTO_INCREMENT=3;
--
-- AUTO_INCREMENT for table `room_status`
--
ALTER TABLE `room_status`
  MODIFY `id` int(11) NOT NULL AUTO_INCREMENT, AUTO_INCREMENT=4;
--
-- AUTO_INCREMENT for table `test`
--
ALTER TABLE `test`
  MODIFY `id` int(11) NOT NULL AUTO_INCREMENT, AUTO_INCREMENT=3;
--
-- AUTO_INCREMENT for table `users`
--
ALTER TABLE `users`
  MODIFY `id` int(11) NOT NULL AUTO_INCREMENT, AUTO_INCREMENT=2;